{"stats":{"minecraft:used":{"minecraft:dirt":2},"minecraft:picked_up":{"minecraft:poppy":1,"minecraft:dirt":2},"minecraft:mined":{"minecraft:grass_block":2,"minecraft:poppy":2},"minecraft:custom":{"minecraft:jump":5,"minecraft:time_since_rest":3925,"minecraft:damage_dealt":16,"minecraft:leave_game":1,"minecraft:sprint_one_cm":392,"minecraft:play_time":3925,"minecraft:time_since_death":3925,"minecraft:walk_one_cm":1795,"minecraft:total_world_time":3925,"minecraft:fly_one_cm":26}},"DataVersion":2975}